{
  "cidades": [
    "São Paulo,BR",
    "Rio de Janeiro,BR",
    "Brasília,BR",
    "Salvador,BR",
    "Fortaleza,BR",
    "Belo Horizonte,BR",
    "Manaus,BR",
    "Curitiba,BR",
    "Recife,BR",
    "Porto Alegre,BR",
    "Belém,BR",
    "Goiânia,BR",
    "Campinas,BR",
    "São Luís,BR",
    "Maceió,BR",
    "Campo Grande,BR",
    "Teresina,BR",
    "Natal,BR",
    "João Pessoa,BR",
    "Florianópolis,BR",
    "Aracaju,BR",
    "Cuiabá,BR",
    "Vitória,BR",
    "Palmas,BR",
    "Santos,BR",
    "Ribeirão Preto,BR",
    "Uberlândia,BR",
    "Sorocaba,BR",
    "São José dos Campos,BR",
    "Niterói,BR",
    "Jundiaí,BR",
    "Londrina,BR",
    "Joinville,BR",
    "Maringá,BR"
  ]
}
